{
    "festas": [
        {
            "local": "Pegarinhos",
            "day": "16",
            "month": "Marco",
            "month_number": 3,
            "hour": 14
        },
        {
            "local": "Castelãos",
            "day": "28",
            "month": "Abril",
            "month_number": 4,
            "hour": 21
        },
        {
            "local": "Cortinhas",
            "day": "01",
            "month": "Agosto",
            "month_number": 8,
            "hour": 0
        },
        {
            "local": "Lama de Arcos",
            "day": "10",
            "month": "Agosto",
            "month_number": 8,
            "hour": 21
        },
        {
            "local": "Santa Valha",
            "day": "11",
            "month": "Agosto",
            "month_number": 8,
            "hour": 0
        },
        {
            "local": "Vreia de Jales",
            "day": "15",
            "month": "Agosto",
            "month_number": 8,
            "hour": 0
        }
       
    ]
 }
